kind	source	target	source_label	target_label	wordnet	approve (1/0)
noun->quality	$HEROIN_00	+NARCOTIC_01	heroin	narcotic	derivation narcotic->narcotic	1
noun->quality	+ENERGY_01	+ENERGETIC_00	energy	energetic	derivation energy->energetic	1
noun->quality	+NARCOTIC_00	+NARCOTIC_01	narcotic	narcotic	derivation narcotic->narcotic	1
noun->quality	+STRENGTH_00	+STRONG_00	strength	strong	attribute strength.n.01	1
noun->quality	+VIOLENCE_00	+VIOLENT_00	violence	violent	derivation violence->violent	1
quality->quality	+CLANDESTINE_00	+SECRET_00	clandestine	secret	clandestine.s.01 ~ secret	1
quality->quality	+HARD_00	+STRONG_00	hard	strong	hard.s.01 ~ strong	0
quality->quality	+LITTLE_00	+SMALL_00	little	small	small.a.01 ~ small	1
quality->quality	+LITTLE_00	+YOUNG_00	little	young	little.s.01 ~ young	0
quality->quality	+SECRET_00	+CLANDESTINE_00	secret	clandestine	clandestine.s.01 ~ clandestine	1
quality->quality	+SMALL_00	+LITTLE_00	small	little	small.a.01 ~ little	1
quality->quality	+SMALL_00	+YOUNG_00	small	young	little.s.01 ~ young	0
quality->quality	+STRONG_00	+HARD_00	strong	hard	strong.a.01 ~ hard	0
quality->quality	+YOUNG_00	+SMALL_00	young	small	young.a.01 ~ small	0
quality->quality	+YOUNG_00	+LITTLE_00	young	little	young.a.01 ~ little	0
