id	block	gold	question_en	question_es	fluency_en_1to5	fluency_es_1to5	faithful_to_KB_yes_no
main-ablation-000574-en	ablation	undetermined	Is it true that a confinement is given by a judge? Answer yes, no or undetermined.	¿Es cierto que un encarcelamiento es dado por un juez? Responde sí, no o indeterminado.			
main-ablation-000648-en	ablation	undetermined	Is it true that an embezzlement is legal? Answer yes, no or undetermined.	¿Es cierto que un desfalco es legal? Responde sí, no o indeterminado.			
main-ablation-000908-en	ablation	undetermined	Is it true that a sarin gas is created by a human? Answer yes, no or undetermined.	¿Es cierto que un gas sarin es creado por un humano? Responde sí, no o indeterminado.			
main-ablation-000098-en	ablation	undetermined	Is it true that an abduction is legal? Answer yes, no or undetermined.	¿Es cierto que un rapto es legal? Responde sí, no o indeterminado.			
main-ablation-000066-en	ablation	undetermined	Is it true that acid is ingested? Answer yes, no or undetermined.	¿Es cierto que el ácido es ingerido? Responde sí, no o indeterminado.			
main-ablation-000584-en	ablation	undetermined	Is it true that an investigator is alive? Answer yes, no or undetermined.	¿Es cierto que un investigador está vivo? Responde sí, no o indeterminado.			
main-ablation-000992-en	ablation	undetermined	Is it true that a tax evasion is legal? Answer yes, no or undetermined.	¿Es cierto que una evasión de impuestos es legal? Responde sí, no o indeterminado.			
main-ablation-000196-en	ablation	undetermined	Is it true that a blackmail is legal? Answer yes, no or undetermined.	¿Es cierto que un chantaje es legal? Responde sí, no o indeterminado.			
main-ablation-000368-en	ablation	undetermined	Is it true that a copyright infringement is violent? Answer yes, no or undetermined.	¿Es cierto que una piratería informática es violenta? Responde sí, no o indeterminado.			
main-ablation-000660-en	ablation	undetermined	Is it true that a molestation is legal? Answer yes, no or undetermined.	¿Es cierto que un abusos deshonestos es legal? Responde sí, no o indeterminado.			
main-consistency-013643-en	consistency	consistent	Is the following statement consistent with general conceptual knowledge? «A computer is small.» Answer consistent or inconsistent.	¿Es la siguiente afirmación coherente con el conocimiento conceptual general? «Un ordenador es pequeño.» Responde coherente o incoherente.			
main-consistency-018055-en	consistency	inconsistent	Is the following statement consistent with general conceptual knowledge? «A dormant cell embezzles.» Answer consistent or inconsistent.	¿Es la siguiente afirmación coherente con el conocimiento conceptual general? «Una célula durmiente desfalca.» Responde coherente o incoherente.			
main-consistency-016549-en	consistency	consistent	Is the following statement consistent with general conceptual knowledge? «A bootlegger does not deal with a crime.» Answer consistent or inconsistent.	¿Es la siguiente afirmación coherente con el conocimiento conceptual general? «Un contrabandista no comercia con un delito.» Responde coherente o incoherente.			
main-consistency-014361-en	consistency	inconsistent	Is the following statement consistent with general conceptual knowledge? «A fraudster is not alive.» Answer consistent or inconsistent.	¿Es la siguiente afirmación coherente con el conocimiento conceptual general? «Un defraudador no está vivo.» Responde coherente o incoherente.			
main-consistency-018121-en	consistency	inconsistent	Is the following statement consistent with general conceptual knowledge? «A vehicle embezzles.» Answer consistent or inconsistent.	¿Es la siguiente afirmación coherente con el conocimiento conceptual general? «Un vehículo desfalca.» Responde coherente o incoherente.			
main-consistency-018431-en	consistency	inconsistent	Is the following statement consistent with general conceptual knowledge? «An exploitation sniffs.» Answer consistent or inconsistent.	¿Es la siguiente afirmación coherente con el conocimiento conceptual general? «Una explotación esnifa.» Responde coherente o incoherente.			
main-consistency-016107-en	consistency	consistent	Is the following statement consistent with general conceptual knowledge? «A chattel slavery does.» Answer consistent or inconsistent.	¿Es la siguiente afirmación coherente con el conocimiento conceptual general? «La esclavitud hace.» Responde coherente o incoherente.			
main-consistency-018549-en	consistency	inconsistent	Is the following statement consistent with general conceptual knowledge? «A mark sniffs.» Answer consistent or inconsistent.	¿Es la siguiente afirmación coherente con el conocimiento conceptual general? «Una marca esnifa.» Responde coherente o incoherente.			
main-consistency-018257-en	consistency	consistent	Is the following statement consistent with general conceptual knowledge? «A bandit sniffs.» Answer consistent or inconsistent.	¿Es la siguiente afirmación coherente con el conocimiento conceptual general? «Un bandido esnifa.» Responde coherente o incoherente.			
main-consistency-012537-en	consistency	consistent	Is the following statement consistent with general conceptual knowledge? «Ketamine is not ingested.» Answer consistent or inconsistent.	¿Es la siguiente afirmación coherente con el conocimiento conceptual general? «La ketamina no es ingerida.» Responde coherente o incoherente.			
main-counterfactual-003518-en	counterfactual	yes	In this scenario, a weapon of mass destruction does not deal with many damages. Is it true that a sarin gas is created by a human? Answer yes, no or undetermined.	En este escenario, un arma de destrucción masiva no comercia con muchos daños. ¿Es cierto que un gas sarin es creado por un humano? Responde sí, no o indeterminado.			
main-counterfactual-003228-en	counterfactual	yes	In this scenario, an artefact is not created by a human. Is it true that a bomb bursts? Answer yes, no or undetermined.	En este escenario, un artefacto no es creado por un humano. ¿Es cierto que una bomba estalla? Responde sí, no o indeterminado.			
main-counterfactual-003522-en	counterfactual	yes	In this scenario, a prosecutor does not prosecute. Is it true that a public prosecutor is alive? Answer yes, no or undetermined.	En este escenario, un fiscal no procesa. ¿Es cierto que un fiscal del estado está vivo? Responde sí, no o indeterminado.			
main-counterfactual-003494-en	counterfactual	yes	In this scenario, a convict is not found. Is it true that an assassin is alive? Answer yes, no or undetermined.	En este escenario, un condenado no es encontrado. ¿Es cierto que un asesino está vivo? Responde sí, no o indeterminado.			
main-counterfactual-003392-en	counterfactual	yes	In this scenario, bacteria does not cause an illness. Is it true that a botulism is located in a body? Answer yes, no or undetermined.	En este escenario, una bacteria no causa una enfermedad. ¿Es cierto que un botulismo está en un cuerpo? Responde sí, no o indeterminado.			
main-counterfactual-003166-en	counterfactual	no	In this scenario, a product is not sold by a human. Is it true that a cargo is sold by a human? Answer yes, no or undetermined.	En este escenario, un producto no es vendido por un humano. ¿Es cierto que una carga es vendida por un humano? Responde sí, no o indeterminado.			
main-counterfactual-003404-en	counterfactual	yes	In this scenario, a room is not located in a building. Is it true that a court is created by a human? Answer yes, no or undetermined.	En este escenario, un cuarto no está en un edificio. ¿Es cierto que una audiencia es creada por un humano? Responde sí, no o indeterminado.			
main-counterfactual-003360-en	counterfactual	no	In this scenario, an artificial area is not created by a human. Is it true that a court is created by a human? Answer yes, no or undetermined.	En este escenario, un área artificial no es creada por un humano. ¿Es cierto que una audiencia es creada por un humano? Responde sí, no o indeterminado.			
main-counterfactual-003488-en	counterfactual	no	In this scenario, a convict is not found. Is it true that an abuser is found? Answer yes, no or undetermined.	En este escenario, un condenado no es encontrado. ¿Es cierto que un abusador es encontrado? Responde sí, no o indeterminado.			
main-counterfactual-003282-en	counterfactual	yes	In this scenario, a data is not known. Is it true that evidence demonstrates? Answer yes, no or undetermined.	En este escenario, un dato no es sabido. ¿Es cierto que un indicios se manifiesta? Responde sí, no o indeterminado.			
main-deep_real-000034-en	deep_real	yes	Is it true that a declaration has something that is known? Answer yes, no or undetermined.	¿Es cierto que una declaración tiene algo que es sabido? Responde sí, no o indeterminado.			
main-deep_real-000510-en	deep_real	yes	Is it true that a government controls something that is big? Answer yes, no or undetermined.	¿Es cierto que un gobierno controla algo que es grande? Responde sí, no o indeterminado.			
main-deep_real-000470-en	deep_real	yes	Is it true that an extremist is alive? Answer yes, no or undetermined.	¿Es cierto que un extremista está vivo? Responde sí, no o indeterminado.			
main-deep_real-000604-en	deep_real	yes	Is it true that a life imprisonment is given to a convict? Answer yes, no or undetermined.	¿Es cierto que una cadena perpetua es dada a un condenado? Responde sí, no o indeterminado.			
main-deep_real-000688-en	deep_real	yes	Is it true that morphine helps something that is located in an organism? Answer yes, no or undetermined.	¿Es cierto que la morfina ayuda algo que está en un organismo? Responde sí, no o indeterminado.			
main-deep_real-000190-en	deep_real	yes	Is it true that a bandit is alive? Answer yes, no or undetermined.	¿Es cierto que un bandido está vivo? Responde sí, no o indeterminado.			
main-deep_real-000276-en	deep_real	yes	Is it true that a capital punishment is put by something that is alive? Answer yes, no or undetermined.	¿Es cierto que una pena capital es puesta por algo que está vivo? Responde sí, no o indeterminado.			
main-deep_real-001098-en	deep_real	no	Is it true that a wildlife trafficking is violent? Answer yes, no or undetermined.	¿Es cierto que un tráfico de fauna silvestre es violento? Responde sí, no o indeterminado.			
main-deep_real-000770-en	deep_real	yes	Is it true that a pistol is created by something that is alive? Answer yes, no or undetermined.	¿Es cierto que una pistola es creada por algo que está vivo? Responde sí, no o indeterminado.			
main-deep_real-000920-en	deep_real	yes	Is it true that a sentence is given to something that is alive? Answer yes, no or undetermined.	¿Es cierto que una condena es dada a algo que está vivo? Responde sí, no o indeterminado.			
main-entailment-006013-en	entailment	entailment	"Premise: This is a room.
Hypothesis: A room is located in.
Does the premise entail the hypothesis, contradict it, or neither (entailment / contradiction / neutral)?"	"Premisa: Esto es un cuarto.
Hipótesis: Un cuarto está dentro.
¿La premisa implica la hipótesis, la contradice o ninguna de las dos (implicación / contradicción / neutral)?"			
main-entailment-005975-en	entailment	contradiction	"Premise: This is a road.
Hypothesis: A vehicle does not move in a road.
Does the premise entail the hypothesis, contradict it, or neither (entailment / contradiction / neutral)?"	"Premisa: Esto es una carretera.
Hipótesis: Un vehículo no se mueve en una carretera.
¿La premisa implica la hipótesis, la contradice o ninguna de las dos (implicación / contradicción / neutral)?"			
main-entailment-002103-en	entailment	contradiction	"Premise: This is a computer.
Hypothesis: A computer is not small.
Does the premise entail the hypothesis, contradict it, or neither (entailment / contradiction / neutral)?"	"Premisa: Esto es un ordenador.
Hipótesis: Un ordenador no es pequeño.
¿La premisa implica la hipótesis, la contradice o ninguna de las dos (implicación / contradicción / neutral)?"			
main-entailment-005575-en	entailment	contradiction	"Premise: This is a prostitution.
Hypothesis: A prostitution does not do.
Does the premise entail the hypothesis, contradict it, or neither (entailment / contradiction / neutral)?"	"Premisa: Esto es una prostitución.
Hipótesis: Una prostitución no hace.
¿La premisa implica la hipótesis, la contradice o ninguna de las dos (implicación / contradicción / neutral)?"			
main-entailment-001835-en	entailment	neutral	"Premise: This is a causality.
Hypothesis: A causality does not have colour or smell.
Does the premise entail the hypothesis, contradict it, or neither (entailment / contradiction / neutral)?"	"Premisa: Esto es una causalidad.
Hipótesis: Una causalidad no tiene colour o smell.
¿La premisa implica la hipótesis, la contradice o ninguna de las dos (implicación / contradicción / neutral)?"			
main-entailment-003005-en	entailment	entailment	"Premise: This is an evidence.
Hypothesis: Evidence demonstrates.
Does the premise entail the hypothesis, contradict it, or neither (entailment / contradiction / neutral)?"	"Premisa: Esto es un indicios.
Hipótesis: Un indicios se manifiesta.
¿La premisa implica la hipótesis, la contradice o ninguna de las dos (implicación / contradicción / neutral)?"			
main-entailment-001957-en	entailment	entailment	"Premise: This is a cloth.
Hypothesis: Cloth is small.
Does the premise entail the hypothesis, contradict it, or neither (entailment / contradiction / neutral)?"	"Premisa: Esto es la tela.
Hipótesis: La tela es pequeña.
¿La premisa implica la hipótesis, la contradice o ninguna de las dos (implicación / contradicción / neutral)?"			
main-entailment-006753-en	entailment	entailment	"Premise: This is a tobacco.
Hypothesis: Tobacco is smoked by a human.
Does the premise entail the hypothesis, contradict it, or neither (entailment / contradiction / neutral)?"	"Premisa: Esto es el tabaco.
Hipótesis: El tabaco es fumado por un humano.
¿La premisa implica la hipótesis, la contradice o ninguna de las dos (implicación / contradicción / neutral)?"			
main-entailment-004007-en	entailment	neutral	"Premise: This is an attorney.
Hypothesis: An attorney is not located in a refugee.
Does the premise entail the hypothesis, contradict it, or neither (entailment / contradiction / neutral)?"	"Premisa: Esto es un abogado.
Hipótesis: Un abogado no está en un refugio.
¿La premisa implica la hipótesis, la contradice o ninguna de las dos (implicación / contradicción / neutral)?"			
main-entailment-002539-en	entailment	neutral	"Premise: This is a criminal charges.
Hypothesis: A criminal charges does not store a data.
Does the premise entail the hypothesis, contradict it, or neither (entailment / contradiction / neutral)?"	"Premisa: Esto es un cargos.
Hipótesis: Un cargos no almacena un dato.
¿La premisa implica la hipótesis, la contradice o ninguna de las dos (implicación / contradicción / neutral)?"			
main-exceptions-003042-en	exceptions	yes	A branzol is a kind of constabulary. A branzol does not protect a particle. A fronvun is a kind of branzol. A fronvun protects a particle. Is it true that a fronvun protects a particle? Answer yes, no or undetermined.	Un branzol es un tipo de cuerpo policial. Un branzol no protege una partícula. Un fronvun es un tipo de branzol. Un fronvun protege una partícula. ¿Es cierto que un fronvun protege una partícula? Responde sí, no o indeterminado.			
main-exceptions-003030-en	exceptions	yes	A clonle is a kind of bandit. A clonle does not have an organization. A nasvun is a kind of clonle. A nasvun has an organization. Is it true that a nasvun has an organization? Answer yes, no or undetermined.	Un clonle es un tipo de bandido. Un clonle no tiene un equipo. Un nasvun es un tipo de clonle. Un nasvun tiene un equipo. ¿Es cierto que un nasvun tiene un equipo? Responde sí, no o indeterminado.			
main-exceptions-002940-en	exceptions	yes	A simtor is a kind of weapon of mass destruction. A simtor does not deal with many damages. A plultur is a kind of simtor. A plultur deals with many damages. Is it true that a plultur deals with many damages? Answer yes, no or undetermined.	Un simtor es un tipo de arma de destrucción masiva. Un simtor no comercia con muchos daños. Un plultur es un tipo de simtor. Un plultur comercia con muchos daños. ¿Es cierto que un plultur comercia con muchos daños? Responde sí, no o indeterminado.			
main-exceptions-002948-en	exceptions	yes	A clislal is a kind of soldier. A clislal does not use an arm. A kerzor is a kind of clislal. A kerzor uses an arm. Is it true that a kerzor uses an arm? Answer yes, no or undetermined.	Un clislal es un tipo de soldado. Un clislal no usa un arma. Un kerzor es un tipo de clislal. Un kerzor usa un arma. ¿Es cierto que un kerzor usa un arma? Responde sí, no o indeterminado.			
main-exceptions-002976-en	exceptions	yes	A plorlo is a kind of convict. A plorlo does not deal with a crime. A framto is a kind of plorlo. A framto deals with a crime. Is it true that a framto deals with a crime? Answer yes, no or undetermined.	Un plorlo es un tipo de condenado. Un plorlo no comercia con un delito. Un framto es un tipo de plorlo. Un framto comercia con un delito. ¿Es cierto que un framto comercia con un delito? Responde sí, no o indeterminado.			
main-exceptions-003104-en	exceptions	no	A kanton is a kind of material witness. A kanton does not say to a judge. A blurvul is a kind of kanton. A blurvul says to a judge. Is it true that a kanton says to a judge? Answer yes, no or undetermined.	Un kanton es un tipo de testigo esencial. Un kanton no dice a un juez. Un blurvul es un tipo de kanton. Un blurvul dice a un juez. ¿Es cierto que un kanton dice a un juez? Responde sí, no o indeterminado.			
main-exceptions-003090-en	exceptions	yes	A kinnel is a kind of tobacco. A kinnel does not cause an illness. A tellil is a kind of kinnel. A tellil causes an illness. Is it true that a tellil causes an illness? Answer yes, no or undetermined.	Un kinnel es un tipo de tabaco. Un kinnel no causa una enfermedad. Un tellil es un tipo de kinnel. Un tellil causa una enfermedad. ¿Es cierto que un tellil causa una enfermedad? Responde sí, no o indeterminado.			
main-exceptions-003036-en	exceptions	no	A kitnul is a kind of tobacco. A kitnul is not smoked by a human. A notkor is a kind of kitnul. A notkor is smoked by a human. Is it true that a kitnul is smoked by a human? Answer yes, no or undetermined.	Un kitnul es un tipo de tabaco. Un kitnul no es fumado por un humano. Un notkor es un tipo de kitnul. Un notkor es fumado por un humano. ¿Es cierto que un kitnul es fumado por un humano? Responde sí, no o indeterminado.			
main-exceptions-002960-en	exceptions	yes	A bremtul is a kind of jury. A bremtul does not say in a trial. A sorse is a kind of bremtul. A sorse says in a trial. Is it true that a sorse says in a trial? Answer yes, no or undetermined.	Un bremtul es un tipo de jurado. Un bremtul no dice en un juicio. Un sorse es un tipo de bremtul. Un sorse dice en un juicio. ¿Es cierto que un sorse dice en un juicio? Responde sí, no o indeterminado.			
main-exceptions-002974-en	exceptions	no	A plorlo is a kind of convict. A plorlo does not deal with a crime. A framto is a kind of plorlo. A framto deals with a crime. Is it true that a plorlo deals with a crime? Answer yes, no or undetermined.	Un plorlo es un tipo de condenado. Un plorlo no comercia con un delito. Un framto es un tipo de plorlo. Un framto comercia con un delito. ¿Es cierto que un plorlo comercia con un delito? Responde sí, no o indeterminado.			
main-grounding-000010-en	grounding	B	In the sentence «A smuggler takes some humans, some capitals, some tobaccos, some drugs or some arms.», which meaning does the word 'smuggler' have?	En la oración «Un contrabandista toma algunos humanos, algunos capitales, algunos tabacos, algunas drogas o algunas armas.», ¿qué significado tiene la palabra 'contrabandista'?			
main-grounding-000007-en	grounding	A	In the sentence «A judge blames to a prisoner.», which meaning does the word 'prisoner' have?	En la oración «Un juez culpa a un reo.», ¿qué significado tiene la palabra 'reo'?			
main-grounding-000012-en	grounding	A	In the sentence «A speech has a sound.», which meaning does the word 'speech' have?	En la oración «Un habla tiene un sonido.», ¿qué significado tiene la palabra 'habla'?			
main-grounding-000008-en	grounding	B	In the sentence «A refugee leaves from a country.», which meaning does the word 'refugee' have?				
main-grounding-000006-en	grounding	B	In the sentence «A narcotic does morphine.», which meaning does the word 'narcotic' have?	En la oración «La narcótico hace morfina.», ¿qué significado tiene la palabra 'narcótico'?			
main-grounding-000005-en	grounding	B	In the sentence «A mafia has many convicts.», which meaning does the word 'mafia' have?				
main-grounding-000011-en	grounding	B	In the sentence «A smuggler sells some drugs, some arms or some humans.», which meaning does the word 'smuggler' have?	En la oración «Un contrabandista vende algunas drogas, algunas armas o algunos humanos.», ¿qué significado tiene la palabra 'contrabandista'?			
main-grounding-000003-en	grounding	A	In the sentence «An event happens.», which meaning does the word 'event' have?	En la oración «Un suceso ocurre.», ¿qué significado tiene la palabra 'suceso'?			
main-grounding-000009-en	grounding	B	In the sentence «A refugee leaves from a country.», which meaning does the word 'refugee' have?	En la oración «Un refugio sale de un estado.», ¿qué significado tiene la palabra 'refugio'?			
main-grounding-000001-en	grounding	B	In the sentence «A bootlegger sells some drugs, some arms or some humans.», which meaning does the word 'bootlegger' have?	En la oración «Un contrabandista vende algunas drogas, algunas armas o algunos humanos.», ¿qué significado tiene la palabra 'contrabandista'?			
main-multihop-009187-en	multihop	yes	Is it true that an extortioner deals with a crime? Answer yes or no.	¿Es cierto que un extorsionador comercia con un delito? Responde sí o no.			
main-multihop-009745-en	multihop	yes	Is it true that a judge is alive? Answer yes or no.	¿Es cierto que un juez está vivo? Responde sí o no.			
main-multihop-011207-en	multihop	no	Is a mine a crime? Answer yes or no.	¿Es una mina un delito? Responde sí o no.			
main-multihop-009423-en	multihop	yes	Is it true that a ganster exists long? Answer yes or no.	¿Es cierto que un gánster existe largo? Responde sí o no.			
main-multihop-010671-en	multihop	yes	Is it true that a prostitution does? Answer yes or no.	¿Es cierto que una prostitución hace? Responde sí o no.			
main-multihop-008161-en	multihop	no	Is a heroin a crime? Answer yes or no.	¿Es la heroína un delito? Responde sí o no.			
main-multihop-007265-en	multihop	yes	Is it true that cannabis makes someone feel calm? Answer yes or no.	¿Es cierto que el cannabis hace que alguien se sienta tranquilo? Responde sí o no.			
main-multihop-010015-en	multihop	no	Is an evidence a crime? Answer yes or no.	¿Es un indicios un delito? Responde sí o no.			
main-multihop-009943-en	multihop	yes	Is a material witness an organism? Answer yes or no.	¿Es un testigo esencial un organismo? Responde sí o no.			
main-multihop-010065-en	multihop	yes	Is it true that an aggravated larceny does? Answer yes or no.	¿Es cierto que una apropiación indebida hace? Responde sí o no.			
main-novel-002782-en	novel	yes	A blultin is a kind of weapon of mass destruction. Is it true that a blultin is small? Answer yes, no or undetermined.	Un blultin es un tipo de arma de destrucción masiva. ¿Es cierto que un blultin es pequeño? Responde sí, no o indeterminado.			
main-novel-002288-en	novel	yes	A dralsur is a kind of fraudster. Is it true that a dralsur obtains a capital? Answer yes, no or undetermined.	Un dralsur es un tipo de defraudador. ¿Es cierto que un dralsur obtiene un capital? Responde sí, no o indeterminado.			
main-novel-002690-en	novel	no	A tusvir is a kind of molestation. Is it true that a tusvir is legal? Answer yes, no or undetermined.	Un tusvir es un tipo de abusos deshonestos. ¿Es cierto que un tusvir es legal? Responde sí, no o indeterminado.			
main-novel-002134-en	novel	undetermined	A kerta is a kind of acquittal. Is it true that a kerta molests a personal crime? Answer yes, no or undetermined.	Un kerta es un tipo de absolución. ¿Es cierto que un kerta abusa sexualmente un delito contra la persona? Responde sí, no o indeterminado.			
main-novel-002786-en	novel	yes	A blultin is a kind of weapon of mass destruction. Is it true that a blultin is strong? Answer yes, no or undetermined.	Un blultin es un tipo de arma de destrucción masiva. ¿Es cierto que un blultin es fuerte? Responde sí, no o indeterminado.			
main-novel-002010-en	novel	undetermined	A moskul is a kind of aggravating circumstance. Is it true that a moskul flows? Answer yes, no or undetermined.	Un moskul es un tipo de circunstancias agravantes. ¿Es cierto que un moskul fluye? Responde sí, no o indeterminado.			
main-novel-002638-en	novel	yes	A nartor is a kind of capital punishment. Is it true that a nartor is given by a judge? Answer yes, no or undetermined.	Un nartor es un tipo de pena capital. ¿Es cierto que un nartor es dado por un juez? Responde sí, no o indeterminado.			
main-novel-002280-en	novel	no	A blotven is a kind of racketeering. Is it true that a blotven is violent? Answer yes, no or undetermined.	Un blotven es un tipo de bandolerismo. ¿Es cierto que un blotven es violento? Responde sí, no o indeterminado.			
main-novel-002492-en	novel	yes	A trollir is a kind of bootlegger. Is it true that a trollir is found? Answer yes, no or undetermined.	Un trollir es un tipo de contrabandista de alcohol. ¿Es cierto que un trollir es encontrado? Responde sí, no o indeterminado.			
main-novel-002472-en	novel	undetermined	A siszar is a kind of white collar criminal. Is it true that a siszar is given to a convict? Answer yes, no or undetermined.	Un siszar es un tipo de ladrón de guante blanco. ¿Es cierto que un siszar es dado a un condenado? Responde sí, no o indeterminado.			
main-procedural-011864-en	procedural	B	In the situation «eating at restaurants», does 'leave' normally happen before or after 'take'?	En la situación «comer en un restaurante», ¿'salir' ocurre normalmente antes o después de 'tomar'?			
main-procedural-011605-en	procedural	C	In the situation «driving a car», what normally happens right after 'stop'?	En la situación «conducir un coche», ¿qué ocurre normalmente justo después de 'detener'?			
main-procedural-012082-en	procedural	A	In the situation «going to the disco», does 'move' normally happen before or after 'give'?	En la situación «ir a la discoteca», ¿'moverse' ocurre normalmente antes o después de 'dar'?			
main-procedural-011990-en	procedural	A	In the situation «going to the cinema», does 'see' normally happen before or after 'ingest'?	En la situación «ir al cine», ¿'ver' ocurre normalmente antes o después de 'ingerir'?			
main-procedural-012260-en	procedural	B	In the situation «taking a taxi», does 'leave' normally happen before or after 'hand'?	En la situación «coger un taxi», ¿'salir' ocurre normalmente antes o después de 'mano'?			
main-procedural-011601-en	procedural	A	In the situation «driving a car», what normally happens right after 'area'?	En la situación «conducir un coche», ¿qué ocurre normalmente justo después de 'área'?			
main-procedural-011984-en	procedural	A	In the situation «going to the cinema», does 'take away' normally happen before or after 'see'?	En la situación «ir al cine», ¿'llevarse' ocurre normalmente antes o después de 'ver'?			
main-procedural-011937-en	procedural	D	In the situation «going to the cinema», what normally happens right after 'take away'?	En la situación «ir al cine», ¿qué ocurre normalmente justo después de 'llevarse'?			
main-procedural-012219-en	procedural	A	In the situation «pay cash», does 'store' normally happen before or after 'take'?	En la situación «pagar en efectivo», ¿'almacenar' ocurre normalmente antes o después de 'tomar'?			
main-procedural-011850-en	procedural	B	In the situation «eating at restaurants», does 'request' normally happen before or after 'enter customer'?	En la situación «comer en un restaurante», ¿'solicitar' ocurre normalmente antes o después de 'entrar cliente'?			
main-undet_control-001169-en	undet_control	yes	Is it true that a molestation molests a personal crime? Answer yes, no or undetermined.	¿Es cierto que un abusos deshonestos abusa sexualmente un delito contra la persona? Responde sí, no o indeterminado.			
main-undet_control-001177-en	undet_control	yes	Is it true that petrol is used by a vehicle? Answer yes, no or undetermined.	¿Es cierto que la gasolina es usada por un vehículo? Responde sí, no o indeterminado.			
main-undet_control-001371-en	undet_control	yes	Is it true that a refugee leaves from a country? Answer yes, no or undetermined.	¿Es cierto que un refugio sale de un estado? Responde sí, no o indeterminado.			
main-undet_control-001263-en	undet_control	yes	Is it true that a rifle is long? Answer yes, no or undetermined.	¿Es cierto que un rifle es largo? Responde sí, no o indeterminado.			
main-undet_control-001705-en	undet_control	yes	Is it true that a safe haven is located in a refugee? Answer yes, no or undetermined.	¿Es cierto que un refugio está en un refugio? Responde sí, no o indeterminado.			
main-undet_control-001757-en	undet_control	yes	Is it true that a refugee leaves to a country? Answer yes, no or undetermined.	¿Es cierto que un refugio sale a un estado? Responde sí, no o indeterminado.			
main-undet_control-001811-en	undet_control	yes	Is it true that a bootlegger takes alcohol? Answer yes, no or undetermined.	¿Es cierto que un contrabandista toma el alcohol? Responde sí, no o indeterminado.			
main-undet_control-001273-en	undet_control	yes	Is it true that a bootlegger sells some drugs, some arms or some humans? Answer yes, no or undetermined.	¿Es cierto que un contrabandista vende algunas drogas, algunas armas o algunos humanos? Responde sí, no o indeterminado.			
main-undet_control-001205-en	undet_control	yes	Is it true that a conspiracy is thought by many humans? Answer yes, no or undetermined.	¿Es cierto que una asociación delictiva es pensada por muchos humanos? Responde sí, no o indeterminado.			
main-undet_control-001199-en	undet_control	yes	Is it true that a jewelry theft enters a crime? Answer yes, no or undetermined.	¿Es cierto que un robo de joyas entra un delito? Responde sí, no o indeterminado.			
main-undetermined-001608-en	undetermined	undetermined	Is it true that a molester buys a product? Answer yes, no or undetermined.	¿Es cierto que un agresor sexual compra un producto? Responde sí, no o indeterminado.			
main-undetermined-001594-en	undetermined	undetermined	Is it true that a missile is burst? Answer yes, no or undetermined.	¿Es cierto que un misil es estallado? Responde sí, no o indeterminado.			
main-undetermined-001740-en	undetermined	undetermined	Is it true that a racketeer uses a data? Answer yes, no or undetermined.	¿Es cierto que un chantajista usa un dato? Responde sí, no o indeterminado.			
main-undetermined-001712-en	undetermined	undetermined	Is it true that a product deals with many damages? Answer yes, no or undetermined.	¿Es cierto que un producto comercia con muchos daños? Responde sí, no o indeterminado.			
main-undetermined-001832-en	undetermined	undetermined	Is it true that a robber confiscates a human? Answer yes, no or undetermined.	¿Es cierto que un atracador aprehende un humano? Responde sí, no o indeterminado.			
main-undetermined-001776-en	undetermined	undetermined	Is it true that a dormant cell attacks with an arm? Answer yes, no or undetermined.	¿Es cierto que una célula durmiente ataca con un arma? Responde sí, no o indeterminado.			
main-undetermined-001538-en	undetermined	undetermined	Is it true that a judge joins 2 organizations? Answer yes, no or undetermined.	¿Es cierto que un juez se une 2 equipos? Responde sí, no o indeterminado.			
main-undetermined-001314-en	undetermined	undetermined	Is it true that a child pornography makes someone feel fear? Answer yes, no or undetermined.	¿Es cierto que una pornografía infantil hace que alguien se sienta miedo? Responde sí, no o indeterminado.			
main-undetermined-001534-en	undetermined	undetermined	Is it true that a jewelry theft shows sex? Answer yes, no or undetermined.	¿Es cierto que un robo de joyas muestra el sexo? Responde sí, no o indeterminado.			
main-undetermined-001126-en	undetermined	undetermined	Is it true that cannabis helps a body? Answer yes, no or undetermined.	¿Es cierto que el cannabis ayuda un cuerpo? Responde sí, no o indeterminado.			
