id	lang	block	original	paraphrase	same_meaning (1/0)	comment
main-ablation-000376-en	en	ablation	Is it true that a counterfeiter is alive?	Does a counterfeiter exist?	0	
main-ablation-000172-en	en	ablation	Is it true that an assassin is alive?	Does an assassin exist and remain living?	0	
main-ablation-000448-en	en	ablation	Is it true that an economic espionage is violent?	Does economic espionage involve violence?	1	
main-ablation-000836-en	en	ablation	Is it true that an interrogatory has a data?	Does an interrogatory possess data?	1	
main-ablation-000058-en	en	ablation	Is it true that a layering is violent?	Does a layering involve violence?	1	
main-ablation-000074-en	en	ablation	Is it true that a phishing is violent?	Does a phishing involve violence?	1	
main-ablation-001098-en	en	ablation	Is it true that a wildlife trafficking is violent?	Does wildlife trafficking involve violence?	1	
main-ablation-000837-es	es	ablation	¿Es cierto que un interrogatorio tiene un dato?	¿Resulta verídico que un interrogatorio contenga algún dato?	1	
main-ablation-000089-es	es	ablation	¿Es cierto que un autoblanqueo es violento?	¿Resulta violento un proceso de autoblanqueo?	1	
main-ablation-000455-es	es	ablation	¿Es cierto que un desfalcador está vivo?	¿Resulta verídico que un desfalcador conserva la vida?	1	
main-ablation-000891-es	es	ablation	¿Es cierto que un robo es violento?	¿Resulta verídico que un robo implique violencia?	1	
main-ablation-000061-es	es	ablation	¿Es cierto que un lobo solitario está vivo?	¿Acaso un lobo solitario conserva la vida?	1	
main-ablation-000779-es	es	ablation	¿Es cierto que un demandante está vivo?	¿Resulta verídico que un demandante conserve la vida?	1	
main-ablation-000251-es	es	ablation	¿Es cierto que un botulismo causa una enfermedad?	¿Resulta verídico que el botulismo origine una dolencia?	1	
main-counterfactual-003172-en	en	counterfactual	In this scenario, drug is not ingested. Is it true that amphetamine makes someone feel energetic?	In this situation, the drug is not taken. Does amphetamine cause a person to feel energetic?	1	
main-counterfactual-003220-en	en	counterfactual	In this scenario, a convict does not deal with a crime. Is it true that an assassin is found?	In this situation, a prisoner is not involved in a wrongdoing. Does it hold that a killer is discovered?	1	
main-counterfactual-003364-en	en	counterfactual	In this scenario, a particle is not small. Is it true that an ammunition is small?	Some particles are not tiny in this situation. Does an ammunition have a small size?	0	
main-counterfactual-003362-en	en	counterfactual	In this scenario, an artificial area is not created by a human. Is it true that a court is located in a building?	In this situation, a human does not make an artificial zone. Does a court exist inside a structure?	1	
main-counterfactual-003204-en	en	counterfactual	In this scenario, a bomb does not burst. Is it true that a mine is created by a human?	In this situation, an explosion does not occur. Are humans responsible for making a mine?	0	
main-counterfactual-003324-en	en	counterfactual	In this scenario, a pathogen is not located in a body. Is it true that a q-fever is located in a body?	In this situation, a pathogen does not exist within a body. Does a q-fever reside in a body?	1	
main-counterfactual-003538-en	en	counterfactual	In this scenario, a plant does not grow in soil. Is it true that tobacco is alive?	In this situation, soil does not support the growth of a plant. Is it accurate that tobacco is alive?	1	
main-counterfactual-003533-es	es	counterfactual	En este escenario, un discurso no tiene un sonido. ¿Es cierto que un interrogatorio tiene un sonido?	En este contexto, ningún discurso posee sonido. ¿Resulta verdadero que un interrogatorio sí lo tiene?	1	
main-counterfactual-003435-es	es	counterfactual	En este escenario, un producto no es vendido a un cliente. ¿Es cierto que una carga es pequeña?	En este caso, ningún cliente adquiere el producto. ¿Resulta veraz que la carga es reducida?	0	
main-counterfactual-003209-es	es	counterfactual	En este escenario, una bomba no estalla. ¿Es cierto que una bomba molotov es pequeña?	En este contexto, ninguna bomba hace explosión. ¿Resulta verdadero que el tamaño de una bomba molotov es reducido?	1	
main-counterfactual-003235-es	es	counterfactual	En este escenario, un organismo no está vivo. ¿Es cierto que un lobo solitario está vivo?	En esta situación, ningún organismo posee vida. ¿Acaso un lobo solitario cuenta con vida?	1	
main-counterfactual-003327-es	es	counterfactual	En este escenario, un patógeno no está en un cuerpo. ¿Es cierto que un fiebre Q comercia con una enfermedad?	En este caso, ningún patógeno se encuentra dentro de un organismo. ¿Acaso el fiebre Q se relaciona con una dolencia?	0	
main-counterfactual-003535-es	es	counterfactual	En este escenario, un discurso no tiene un sonido. ¿Es cierto que un interrogatorio tiene un dato?	En este contexto, ningún discurso posee sonido. ¿Resulta verdadero que un interrogatorio contiene algún dato?	1	
main-counterfactual-003405-es	es	counterfactual	En este escenario, un cuarto no está en un edificio. ¿Es cierto que una audiencia es creada por un humano?	En esta situación, un cuarto no se encuentra dentro de un edificio. ¿Resulta verídico que un humano genera una audiencia?	1	
main-deep_real-000058-en	en	deep_real	Is it true that a layering is violent?	Does a layering involve violence?	1	
main-deep_real-000248-en	en	deep_real	Is it true that a botulism is small?	Is a botulism tiny?	1	
main-deep_real-000054-en	en	deep_real	Is it true that ketamine is ingested?	Does ketamine get taken in?	1	
main-deep_real-000646-en	en	deep_real	Is it true that a mine is created by a human?	Does a human make a mine?	1	
main-deep_real-001098-en	en	deep_real	Is it true that a wildlife trafficking is violent?	Does wildlife trafficking involve violence?	1	
main-deep_real-000168-en	en	deep_real	Is it true that an assassin is found?	Does an assassin exist?	0	
main-deep_real-000330-en	en	deep_real	Is it true that a bid rigging is violent?	Does a bid rigging involve violence?	1	
main-deep_real-000585-es	es	deep_real	¿Es cierto que un investigador está vivo?	¿Resulta verídico que un investigador conserve la vida?	1	
main-deep_real-000171-es	es	deep_real	¿Es cierto que un asesino comercia con un delito?	¿Resulta verídico que un asesino negocia un crimen?	1	
main-deep_real-000847-es	es	deep_real	¿Es cierto que un fiebre Q está vivo?	¿Resulta verídico que el fiebre Q posee vida?	1	
main-deep_real-000125-es	es	deep_real	¿Es cierto que un ántrax causa una enfermedad?	¿Resulta verídico que el ántrax provoque una dolencia?	1	
main-deep_real-000891-es	es	deep_real	¿Es cierto que un robo es violento?	¿Resulta verídico que un robo implique violencia?	1	
main-deep_real-000419-es	es	deep_real	¿Es cierto que un cliente está vivo?	¿Resulta verídico que un cliente conserve la vida?	1	
main-deep_real-000859-es	es	deep_real	¿Es cierto que un delincuente habitual está vivo?	¿Resulta verídico que un criminal reincidente sigue con vida?	1	
main-exceptions-003136-en	en	exceptions	A plumvol is a kind of bacteria. A plumvol does not cause an illness. A grilne is a kind of plumvol. A grilne causes an illness. Is it true that a grilne causes an illness?	A plumvol belongs to the bacteria category. Illnesses are not brought about by a plumvol. Among plumvols, a grilne is classified. An illness is brought about by a grilne. Is it accurate that a grilne causes an illness?	1	
main-exceptions-003100-en	en	exceptions	A kasmir is a kind of computer. A kasmir is not used by a human. A lalmir is a kind of kasmir. A lalmir is used by a human. Is it true that a kasmir is used by a human?	A kasmir belongs to the category of computers. Humans do not utilize a kasmir. A lalmir falls under the classification of kasmir. Humans do employ a lalmir. Is it accurate that a kasmir is utilized by a human?	1	
main-exceptions-002966-en	en	exceptions	A vemzin is a kind of drug. A vemzin is not ingested. A zilsur is a kind of vemzin. A zilsur is ingested. Is it true that a vemzin is ingested?	A vemzin belongs to the category of drugs. Ingesting a vemzin does not occur. Among vemzins, a zilsur can be found. Ingesting a zilsur does occur. Is it accurate that a vemzin is ingested?	1	
main-exceptions-002940-en	en	exceptions	A simtor is a kind of weapon of mass destruction. A simtor does not deal with many damages. A plultur is a kind of simtor. A plultur deals with many damages. Is it true that a plultur deals with many damages?	A simtor belongs to the category of weapons of mass destruction. Damage is not something a simtor handles in large amounts. Among simtors, a plultur can be found. However, a plultur is responsible for causing extensive damage. Does a plultur indeed handle many damages?	1	
main-exceptions-003074-en	en	exceptions	A graller is a kind of safe haven. A graller is not located in a refugee. A vimmel is a kind of graller. A vimmel is located in a refugee. Is it true that a vimmel is located in a refugee?	A safe haven is what a graller represents. Refugees do not house a graller. One type of graller is a vimmel. A vimmel, however, is found in a refugee. Does a vimmel reside in a refugee?	1	
main-exceptions-003072-en	en	exceptions	A graller is a kind of safe haven. A graller is not located in a refugee. A vimmel is a kind of graller. A vimmel is located in a refugee. Is it true that a graller is located in a refugee?	A safe haven is what a graller represents. Refugees do not house a graller. One type of graller is a vimmel. A vimmel, however, is found in a refugee. Does a graller reside in a refugee?	1	
main-exceptions-003088-en	en	exceptions	A kinnel is a kind of tobacco. A kinnel does not cause an illness. A tellil is a kind of kinnel. A tellil causes an illness. Is it true that a kinnel causes an illness?	A kinnel belongs to the category of tobacco. Illness is not brought about by a kinnel. Some kinnels are tellils. An illness is caused by a tellil. Does a kinnel cause an illness?	0	
main-exceptions-002965-es	es	exceptions	Un lumlil es un tipo de enfermedad. Un lumlil no hiere un organismo. Un kossir es un tipo de lumlil. Un kossir hiere un organismo. ¿Es cierto que un kossir hiere un organismo?	Un lumlil constituye una enfermedad. Ningún lumlil daña a un organismo. Un kossir representa una variedad de lumlil. Algunos kossir perjudican a un organismo. ¿Resulta verídico que un kossir afecta a un organismo?	0	
main-exceptions-003013-es	es	exceptions	Un drimkor es un tipo de castigo. Un drimkor no es dado a un condenado. Un trerti es un tipo de drimkor. Un trerti es dado a un condenado. ¿Es cierto que un drimkor es dado a un condenado?	Un drimkor constituye un castigo. A un condenado no se le aplica un drimkor. Un trerti representa un drimkor. A un condenado se le impone un trerti. ¿Se aplica un drimkor a un condenado?	1	
main-exceptions-002941-es	es	exceptions	Un simtor es un tipo de arma de destrucción masiva. Un simtor no comercia con muchos daños. Un plultur es un tipo de simtor. Un plultur comercia con muchos daños. ¿Es cierto que un plultur comercia con muchos daños?	Un simtor constituye un arma de destrucción masiva. No se dedica a causar numerosos perjuicios. Un plultur es una variedad de simtor. Sin embargo, sí genera múltiples daños. ¿Verdaderamente un plultur provoca muchos daños?	1	
main-exceptions-003061-es	es	exceptions	Un littun es un tipo de estimulante. Un littun no hace que alguien se sienta activo. Un mimzer es un tipo de littun. Un mimzer hace que alguien se sienta activo. ¿Es cierto que un littun hace que alguien se sienta activo?	Un littun pertenece a la categoría de estimulantes. No provoca actividad en quien lo consume. Los mimzers son una variedad de littun. Sin embargo, un mimzer sí genera sensación de actividad. ¿Se puede afirmar que un littun causa actividad en la persona?	1	
main-exceptions-003105-es	es	exceptions	Un kanton es un tipo de testigo esencial. Un kanton no dice a un juez. Un blurvul es un tipo de kanton. Un blurvul dice a un juez. ¿Es cierto que un kanton dice a un juez?	Un kanton pertenece a la categoría de testigos esenciales. No comunica con un juez. Un blurvul es una variedad de kanton. Sin embargo, un blurvul sí se dirige a un juez. ¿Afirma que un kanton habla con un juez?	1	
main-exceptions-002931-es	es	exceptions	Un framtin es un tipo de cannabis. Un framtin no es fumado por un humano. Un bletkon es un tipo de framtin. Un bletkon es fumado por un humano. ¿Es cierto que un framtin es fumado por un humano?	Un framtin pertenece a la categoría del cannabis. Ningún humano consume un framtin mediante fumado. Un bletkon se clasifica como framtin. Los humanos sí fuman un bletkon. ¿Se fuma algún framtin por parte de un humano?	1	
main-exceptions-003065-es	es	exceptions	Un mumlol es un tipo de sedante. Un mumlol no hace que alguien se sienta tranquilo. Un plelze es un tipo de mumlol. Un plelze hace que alguien se sienta tranquilo. ¿Es cierto que un mumlol hace que alguien se sienta tranquilo?	Un mumlol pertenece a la categoría de sedantes. No provoca calma en las personas. Por otro lado, un plelze es una variedad de mumlol. Sin embargo, un plelze sí induce sensación de tranquilidad. ¿Acaso un mumlol genera calma en alguien?	1	
main-novel-002018-en	en	novel	A trinse is a kind of witness. Is it true that a trinse describes to a judge?	A trinse serves as a type of witness. Does a trinse provide descriptions to a judge?	1	
main-novel-002304-en	en	novel	A zatzer is a kind of confinement. Is it true that a zatzer damages many humans?	A zatzer represents a type of restraint. Does a zatzer harm many people?	1	
main-novel-002854-en	en	novel	A vusze is a kind of sarin gas. Is it true that a vusze damages many humans?	A sarin gas variety is what a vusze represents. Does a vusze harm many people?	1	
main-novel-002728-en	en	novel	A taslul is a kind of bottle. Is it true that a taslul contains liquid?	A taslul belongs to the category of bottles. Does a taslul hold liquid?	1	
main-novel-002542-en	en	novel	A metva is a kind of bootlegger. Is it true that a metva describes to a judge?	A metva serves as a type of bootlegger. Does a metva report to a judge?	0	
main-novel-002784-en	en	novel	A blultin is a kind of weapon of mass destruction. Is it true that a blultin deals with many damages?	A blultin represents a type of weapon capable of causing mass destruction. Does a blultin involve many damages?	1	
main-novel-002762-en	en	novel	A sisli is a kind of constabulary. Is it true that a sisli shows with some children?	A sisli belongs to the category of constabularies. Does a sisli appear alongside some children?	1	
main-novel-002313-es	es	novel	Un drisman es un tipo de extorsionador. ¿Es cierto que un drisman usa la fuerza?	Un drisman pertenece a la categoría de extorsionadores. ¿Acaso un drisman recurre a la fuerza?	1	
main-novel-002239-es	es	novel	Un drolnen es un tipo de éxtasis. ¿Es cierto que un drolnen contiene el líquido?	Algunos drolnens son una clase de éxtasis. ¿Contiene líquido un drolnen?	0	
main-novel-002117-es	es	novel	Un taszel es un tipo de cuarto. ¿Es cierto que un taszel está en un edificio?	Algunos taszels son habitaciones. ¿Acaso un taszel se encuentra dentro de un edificio?	0	
main-novel-002729-es	es	novel	Un taslul es un tipo de botella. ¿Es cierto que un taslul contiene el líquido?	Un taslul pertenece a la categoría de las botellas. ¿Contiene el líquido un taslul?	1	
main-novel-002069-es	es	novel	Un grirken es un tipo de fianza. ¿Es cierto que un grirken hiere un organismo?	Algunos grirkenes constituyen una clase de garantía. ¿Resulta veraz que un grirken daña a un ser vivo?	0	
main-novel-002639-es	es	novel	Un nartor es un tipo de pena capital. ¿Es cierto que un nartor es dado por un juez?	Un nartor constituye una forma de pena capital. ¿Acaso un nartor lo impone un juez?	1	
main-novel-002717-es	es	novel	Un blatlil es un tipo de arrepentido. ¿Es cierto que un blatlil da a un cuerpo policial?	Algunos blatliles son arrepentidos. ¿Acaso un blatlil entrega a un cuerpo policial?	0	
main-undet_control-001281-en	en	undet_control	Is it true that a ganster has a criminal organization?	Does a ganster operate a criminal organization?	0	
main-undet_control-001161-en	en	undet_control	Is it true that something pays to a hooker?	Does a hooker receive payment from someone?	1	
main-undet_control-001621-en	en	undet_control	Is it true that cannabis is smoked with tobacco?	Does cannabis get smoked alongside tobacco?	1	
main-undet_control-001315-en	en	undet_control	Is it true that a waterboarding makes someone feel fear?	Does a waterboarding cause fear in a person?	1	
main-undet_control-001567-en	en	undet_control	Is it true that an accomplice deals with a plan?	Does an accomplice handle a scheme?	1	
main-undet_control-001505-en	en	undet_control	Is it true that a refugee leaves from a country?	Does a refugee depart from a country?	1	
main-undet_control-001341-en	en	undet_control	Is it true that a smuggler takes from a country?	Does a smuggler remove items from a country?	1	
main-undet_control-001519-es	es	undet_control	¿Es cierto que una pena capital es puesta por un juez?	¿Resulta verídico que un juez impone una pena capital?	1	
main-undet_control-001335-es	es	undet_control	¿Es cierto que un pirata informático usa un dato?	¿Un pirata informático emplea algún dato?	1	
main-undet_control-001755-es	es	undet_control	¿Es cierto que un estado tiene muchos pueblos?	¿Resulta verdadero que existen numerosos pueblos en un estado?	1	
main-undet_control-001159-es	es	undet_control	¿Es cierto que la ketamina es usada para un humano o un animal?	¿Resulta verídico que la ketamina se emplee en humanos o en animales?	1	
main-undet_control-001187-es	es	undet_control	¿Es cierto que una bomba molotov tiene la tela?	¿Contiene la tela una bomba molotov?	1	
main-undet_control-001623-es	es	undet_control	¿Es cierto que el cannabis es fumado con el tabaco?	¿Resulta verídico que el cannabis se consume junto al tabaco?	1	
main-undet_control-001489-es	es	undet_control	¿Es cierto que un agresor sexual ataca un niño?	¿Un niño puede ser atacado por un agresor sexual?	0	
main-undetermined-001296-en	en	undetermined	Is it true that a cartel has some groups?	Does a cartel include any groups?	1	
main-undetermined-001890-en	en	undetermined	Is it true that a witness investigates a crime?	Does a witness actually look into a crime?	1	
main-undetermined-001538-en	en	undetermined	Is it true that a judge joins 2 organizations?	Does a judge belong to 2 organizations?	0	
main-undetermined-001284-en	en	undetermined	Is it true that a captive finds many customers?	Does a captive have a lot of customers?	0	
main-undetermined-001688-en	en	undetermined	Is it true that a poacher escapes?	Does a poacher manage to flee?	1	
main-undetermined-001620-en	en	undetermined	Is it true that morphine is smoked with tobacco?	Does morphine get smoked alongside tobacco?	1	
main-undetermined-001156-en	en	undetermined	Is it true that acid is used for a human or an animal?	Does acid serve a purpose for either humans or animals?	1	
main-undetermined-001888-es	es	undetermined	¿Es cierto que un ladrón de guante blanco obtiene?	¿Resulta verídico que un ladrón de guante blanco consiga algo?	1	
main-undetermined-001209-es	es	undetermined	¿Es cierto que un asesinato muestra el sexo?	¿Resulta verídico que un asesinato revela el sexo?	1	
main-undetermined-001800-es	es	undetermined	¿Es cierto que una tapadera es buscada por un juez o un cuerpo policial?	¿Resulta verídico que un juez o una fuerza policial persiguen una tapadera?	1	
main-undetermined-001809-es	es	undetermined	¿Es cierto que un kamikaze usa para un acto terrorista?	¿Resulta verídico que un kamikaze emplee en un acto terrorista?	1	
main-undetermined-001576-es	es	undetermined	¿Es cierto que un hombre elige en un juicio?	¿Resulta verídico que un hombre realiza una selección durante un juicio?	1	
main-undetermined-001597-es	es	undetermined	¿Es cierto que un misil estalla causando un incendio?	¿Resulta verídico que la detonación de un misil provoque un fuego?	1	
main-undetermined-001902-es	es	undetermined	¿Es cierto que una petición es escrita por un juez?	¿Resulta verídico que un juez redacta una petición?	1